[
  {
    "A": 1,
    "B": 1,
    "C": 1
  },
  {
    "A": 2,
    "B": 2,
    "C": 2
  },
  {
    "A": 3,
    "B": 3,
    "C": 3
  },
  {
    "A": 4,
    "B": 4,
    "C": 4
  },
  {
    "A": 5,
    "B": 5,
    "C": 5
  },
  {
    "A": 6,
    "B": 6,
    "C": 6
  },
  {
    "A": 7,
    "B": 7,
    "C": 7
  },
  {
    "A": 8,
    "B": 8,
    "C": 8
  },
  {
    "A": 9,
    "B": 9,
    "C": 9
  },
  {
    "A": 10,
    "B": 10,
    "C": 10
  },
  {
    "A": 11,
    "B": 11,
    "C": 11
  },
  {
    "A": 12,
    "B": 12,
    "C": 12
  },
  {
    "A": 13,
    "B": 13,
    "C": 13
  },
  {
    "A": 14,
    "B": 14,
    "C": 14
  },
  {
    "A": 15,
    "B": 15,
    "C": 15
  },
  {
    "A": 16,
    "B": 16,
    "C": 16
  },
  {
    "A": 17,
    "B": 17,
    "C": 17
  },
  {
    "A": 18,
    "B": 18,
    "C": 18
  },
  {
    "A": 19,
    "B": 19,
    "C": 19
  },
  {
    "A": 20,
    "B": 20,
    "C": 20
  },
  {
    "A": 21,
    "B": 21,
    "C": 21
  },
  {
    "A": 22,
    "B": 22,
    "C": 22
  },
  {
    "A": 23,
    "B": 23,
    "C": 23
  },
  {
    "A": 24,
    "B": 24,
    "C": 24
  },
  {
    "A": 25,
    "B": 25,
    "C": 25
  },
  {
    "A": 26,
    "B": 26,
    "C": 26
  },
  {
    "A": 27,
    "B": 27,
    "C": 27
  },
  {
    "A": 28,
    "B": 28,
    "C": 28
  },
  {
    "A": 29,
    "B": 29,
    "C": 29
  },
  {
    "A": 30,
    "B": 30,
    "C": 30
  }
]
