[
  {
    "name": "John",
    "age": 31,
    "job": "Programmer"
  },
  {
    "name": "Jane",
    "age": 30,
    "job": "Writer"
  },
  {
    "name": "Helen",
    "age": 27,
    "job": "Teacher"
  },
  {
    "name": "Smith",
    "age": 42,
    "job": "Carpenter"
  },
  {
    "name": "Greg",
    "age": 35,
    "job": "Programmer"
  },
  {
    "name": "Elizabeth",
    "age": 22,
    "job": "Queen"
  },
  {
    "name": "Hoe",
    "age": 14,
    "job": "Student"
  },
  {
    "name": "Jill",
    "age": 24,
    "job": "Student"
  },
  {
    "name": "Bill",
    "age": 20,
    "job": "Cashier"
  },
  {
    "name": "Crystal",
    "age": 28,
    "job": "Singer"
  },
  {
    "name": "Brook",
    "age": 62,
    "job": "YouTuber"
  }
]
